<panel>
  <title>PAN FW - App Activity Destinations in Last 24H</title>
  <map>
    <search>
      <query>sourcetype="pan:traffic" earliest=-1d | iplocation dest_ip | geostats count by application</query>
      <earliest></earliest>
      <latest></latest>
    </search>
    <option name="mapping.data.maxClusters">100</option>
    <option name="mapping.drilldown">all</option>
    <option name="mapping.map.center">(0,0)</option>
    <option name="mapping.map.zoom">2</option>
    <option name="mapping.markerLayer.markerMaxSize">50</option>
    <option name="mapping.markerLayer.markerMinSize">10</option>
    <option name="mapping.markerLayer.markerOpacity">0.8</option>
    <option name="mapping.tileLayer.maxZoom">7</option>
    <option name="mapping.tileLayer.minZoom">0</option>
  </map>
</panel>